number,r,g,b
0,200,188,175
2,238,228,218
2,208,196,184
2,217,205,194
4,238,225,201
4,219,206,189
4,238,225,201
2,238,228,218
2,238,228,218
0,205,193,180
0,205,193,180
0,205,193,180
0,196,183,170
0,205,193,180
2,238,228,218
0,205,193,180
0,198,184,172
0,205,193,180
0,204,191,179
0,198,185,173
0,198,185,173
0,196,183,170
0,198,185,172
2,217,205,194
0,205,193,180
0,205,193,180
2,238,228,218
0,196,183,170
2,238,228,218
0,205,193,180
0,205,193,180
0,198,184,172
0,205,193,180
0,204,191,179
0,198,185,173
0,198,185,173
0,196,183,170
0,198,185,172
0,198,185,173
0,198,185,173
2,238,228,218
0,205,193,180
0,205,193,180
0,196,183,170
2,238,228,218
0,205,193,180
0,205,193,180
0,198,184,172
0,205,193,180
2,238,228,218
0,198,185,173
0,198,185,173
0,196,183,170
0,198,185,172
0,198,185,173
0,198,185,173
0,205,193,180
0,205,193,180
0,205,193,180
0,196,183,170
0,205,193,180
2,238,228,218
0,205,193,180
0,198,184,172
0,205,193,180
0,204,191,179
0,198,185,173
0,198,185,173
4,235,222,201
2,220,209,198
0,198,185,173
0,198,185,173
0,205,193,180
0,205,193,180
0,205,193,180
0,196,183,170
2,238,228,218
0,205,193,180
0,205,193,180
4,238,225,201
0,205,193,180
0,204,191,179
0,198,185,173
0,198,185,173
4,225,212,190
2,220,209,198
0,198,185,173
0,198,185,173
0,205,193,180
0,205,193,180
0,205,193,180
0,196,183,170
0,205,193,180
0,205,193,180
2,238,228,218
4,238,225,201
0,205,193,180
0,204,191,179
0,198,185,173
0,198,185,173
2,225,214,203
0,198,185,172
4,217,203,184
0,205,193,180
0,205,193,180
0,205,193,180
0,196,183,170
0,205,193,180
0,205,193,180
0,205,193,180
0,198,184,172
0,205,193,180
0,204,191,179
2,238,228,218
0,198,185,173
0,196,183,170
0,198,185,172
2,217,205,194
0,205,193,180
2,238,228,218
0,205,193,180
0,196,183,170
0,205,193,180
0,205,193,180
0,205,193,180
0,198,184,172
0,205,193,180
0,204,191,179
0,198,185,173
4,227,214,192
0,196,183,170
0,198,185,172
0,198,185,173
0,198,185,173
0,205,193,180
2,238,228,218
2,238,228,218
4,238,225,201
0,205,193,180
0,205,193,180
0,205,193,180
0,198,184,172
0,205,193,180
0,204,191,179
0,198,185,173
0,198,185,173
0,196,183,170
0,198,185,172
0,198,185,173
0,198,185,173
0,205,193,180
0,205,193,180
2,238,228,218
0,196,183,170
0,205,193,180
0,205,193,180
0,205,193,180
0,198,184,172
0,205,193,180
0,204,191,179
0,198,185,173
0,198,185,173
0,196,183,170
2,220,209,198
0,205,193,180
0,205,193,180
0,205,193,180
0,196,183,170
0,205,193,180
0,205,193,180
0,205,193,180
0,198,184,172
0,205,193,180
2,238,228,218
0,198,185,173
0,198,185,173
0,196,183,170
2,220,209,198
0,198,185,173
0,198,185,173
0,205,193,180
2,238,228,218
0,205,193,180
0,196,183,170
0,205,193,180
0,205,193,180
0,205,193,180
0,198,184,172
0,205,193,180
0,204,191,179
0,198,185,173
0,198,185,173
0,196,183,170
4,233,221,202
0,198,185,173
0,198,185,173
0,205,193,180
2,238,228,218
0,205,193,180
0,196,183,170
0,205,193,180
4,238,225,201
0,205,193,180
0,198,184,172
0,205,193,180
0,204,191,179
0,198,185,173
0,198,185,173
4,225,212,190
0,198,185,172
0,198,185,173
0,198,185,173
2,238,228,218
0,205,193,180
0,205,193,180
0,196,183,170
4,238,225,201
0,205,193,180
0,205,193,180
0,198,184,172
0,205,193,180
0,204,191,179
0,198,185,173
0,198,185,173
4,225,212,190
2,220,209,198
0,198,185,173
0,198,185,173
2,238,228,218
2,238,228,218
0,205,193,180
0,196,183,170
8,243,178,122
0,205,193,180
2,238,228,218
0,198,184,172
0,205,193,180
0,204,191,179
0,198,185,173
0,198,185,173
0,196,183,170
0,198,185,172
0,198,185,173
0,198,185,173
0,205,193,180
0,205,193,180
0,205,193,180
0,196,183,170
0,205,193,180
0,205,193,180
2,238,228,218
0,198,184,172
2,238,228,218
0,204,191,179
0,198,185,173
0,198,185,173
8,229,177,131
2,220,209,198
2,217,205,194
0,198,185,173
2,238,228,218
0,205,193,180
0,205,193,180
0,196,183,170
0,205,193,180
0,205,193,180
0,205,193,180
0,198,184,172
0,205,193,180
2,238,228,218
0,198,185,173
0,198,185,173
0,196,183,170
0,198,185,172
0,198,185,173
0,198,185,173
0,205,193,180
0,205,193,180
0,205,193,180
2,238,228,218
0,205,193,180
0,205,193,180
0,205,193,180
0,198,184,172
2,238,228,218
0,204,191,179
0,198,185,173
2,227,216,205
0,196,183,170
0,198,185,172
0,198,185,173
0,198,185,173
2,238,228,218
0,205,193,180
2,238,228,218
4,238,225,201
0,205,193,180
0,205,193,180
0,205,193,180
0,198,184,172
0,205,193,180
0,204,191,179
0,198,185,173
0,198,185,173
0,196,183,170
0,198,185,172
0,198,185,173
0,198,185,173
0,205,193,180
0,205,193,180
4,238,225,201
4,238,225,201
0,205,193,180
0,205,193,180
0,205,193,180
0,198,184,172
0,205,193,180
2,238,228,218
0,198,185,173
0,198,185,173
0,196,183,170
0,198,185,172
0,198,185,173
0,198,185,173
0,205,193,180
2,238,228,218
4,238,225,201
4,238,225,201
0,205,193,180
0,205,193,180
0,205,193,180
0,198,184,172
2,238,228,218
0,204,191,179
0,198,185,173
0,198,185,173
0,196,183,170
0,198,185,172
0,198,185,173
0,198,185,173
2,238,228,218
2,238,228,218
4,238,225,201
4,238,225,201
0,205,193,180
0,205,193,180
0,205,193,180
0,198,184,172
0,205,193,180
0,204,191,179
0,198,185,173
0,198,185,173
2,225,214,203
0,198,185,172
0,198,185,173
0,198,185,173
4,238,225,201
8,243,178,122
0,205,193,180
0,196,183,170
0,205,193,180
0,205,193,180
0,205,193,180
0,198,184,172
2,238,228,218
0,204,191,179
0,198,185,173
0,198,185,173
2,225,214,203
0,198,185,172
0,198,185,173
0,198,185,173
2,238,228,218
0,205,193,180
4,238,225,201
8,243,178,122
0,205,193,180
0,205,193,180
0,205,193,180
0,198,184,172
0,205,193,180
0,204,191,179
0,198,185,173
2,227,216,205
0,196,183,170
0,198,185,172
0,198,185,173
2,208,196,184
2,238,228,218
0,205,193,180
4,238,225,201
8,243,178,122
0,205,193,180
0,205,193,180
0,205,193,180
0,198,184,172
0,205,193,180
0,204,191,179
0,198,185,173
2,227,216,205
0,196,183,170
0,198,185,172
0,198,185,173
2,208,196,184
2,238,228,218
4,238,225,201
8,243,178,122
0,196,183,170
0,205,193,180
0,205,193,180
2,238,228,218
0,198,184,172
2,238,228,218
0,204,191,179
0,198,185,173
0,198,185,173
2,225,214,203
0,198,185,172
0,198,185,173
0,198,185,173
0,205,193,180
0,205,193,180
0,205,193,180
0,196,183,170
0,205,193,180
0,205,193,180
0,205,193,180
0,198,184,172
2,238,228,218
2,238,228,218
8,243,178,122
0,198,185,173
4,235,222,201
4,220,207,187
2,217,205,194
0,198,185,173
2,238,228,218
0,205,193,180
0,205,193,180
0,196,183,170
0,205,193,180
0,205,193,180
0,205,193,180
0,198,184,172
0,205,193,180
0,204,191,179
4,238,225,201
8,231,176,130
0,196,183,170
0,198,185,172
8,229,185,145
2,208,196,184
2,238,228,218
0,205,193,180
4,238,225,201
8,243,178,122
0,205,193,180
0,205,193,180
8,243,178,122
2,238,228,218
0,205,193,180
0,204,191,179
0,198,185,173
2,227,216,205
0,196,183,170
0,198,185,172
0,198,185,173
0,198,185,173
0,205,193,180
0,205,193,180
0,205,193,180
0,196,183,170
0,205,193,180
2,238,228,218
0,205,193,180
0,198,184,172
0,205,193,180
0,204,191,179
4,238,225,201
8,231,176,130
2,225,214,203
0,198,185,172
8,219,175,137
4,219,206,189
0,205,193,180
0,205,193,180
0,205,193,180
0,196,183,170
0,205,193,180
0,205,193,180
0,205,193,180
0,198,184,172
2,238,228,218
0,204,191,179
4,238,225,201
8,231,176,130
2,225,214,203
2,220,209,198
8,219,175,137
4,208,195,177
2,238,228,218
0,205,193,180
0,205,193,180
0,196,183,170
0,205,193,180
0,205,193,180
0,205,193,180
0,198,184,172
0,205,193,180
0,204,191,179
4,238,225,201
8,231,176,130
4,235,222,201
2,220,209,198
8,219,175,137
4,208,195,177
2,238,228,218
2,238,228,218
4,238,225,201
8,243,178,122
4,238,225,201
0,205,193,180
8,243,178,122
4,238,225,201
0,205,193,180
0,204,191,179
0,198,185,173
0,198,185,173
2,225,214,203
0,198,185,172
0,198,185,173
0,198,185,173
0,205,193,180
2,238,228,218
0,205,193,180
0,196,183,170
2,238,228,218
0,205,193,180
0,205,193,180
0,198,184,172
4,238,225,201
0,204,191,179
4,238,225,201
8,231,176,130
2,225,214,203
2,220,209,198
8,219,175,137
4,208,195,177
2,238,228,218
0,205,193,180
0,205,193,180
0,196,183,170
2,238,228,218
0,205,193,180
0,205,193,180
0,198,184,172
8,243,178,122
8,243,178,122
0,198,185,173
0,198,185,173
4,235,222,201
8,224,176,135
4,217,203,184
2,208,196,184
4,238,225,201
16,246,150,100
4,238,225,201
2,238,228,218
8,243,178,122
0,205,193,180
0,205,193,180
0,198,184,172
4,238,225,201
0,204,191,179
0,198,185,173
0,198,185,173
2,225,214,203
0,198,185,172
0,198,185,173
0,198,185,173
4,238,225,201
16,246,150,100
4,238,225,201
2,238,228,218
0,205,193,180
0,205,193,180
0,205,193,180
8,243,178,122
2,238,228,218
0,204,191,179
0,198,185,173
4,227,214,192
0,196,183,170
0,198,185,172
0,198,185,173
2,208,196,184
4,238,225,201
16,246,150,100
4,238,225,201
2,238,228,218
8,243,178,122
0,205,193,180
0,205,193,180
0,198,184,172
2,238,228,218
4,238,225,201
0,198,185,173
0,198,185,173
2,225,214,203
0,198,185,172
2,217,205,194
0,198,185,173
4,238,225,201
16,246,150,100
4,238,225,201
2,238,228,218
0,205,193,180
0,205,193,180
0,205,193,180
8,243,178,122
0,205,193,180
0,204,191,179
2,238,228,218
4,227,214,192
2,225,214,203
0,198,185,172
0,198,185,173
4,219,206,189
4,238,225,201
16,246,150,100
4,238,225,201
2,238,228,218
8,243,178,122
2,238,228,218
0,205,193,180
0,198,184,172
2,238,228,218
4,238,225,201
0,198,185,173
0,198,185,173
2,225,214,203
4,220,207,187
0,198,185,173
0,198,185,173
4,238,225,201
16,246,150,100
4,238,225,201
2,238,228,218
8,243,178,122
2,238,228,218
0,205,193,180
2,238,228,218
4,238,225,201
8,243,178,122
0,198,185,173
0,198,185,173
0,196,183,170
0,198,185,172
0,198,185,173
0,198,185,173
4,238,225,201
16,246,150,100
4,238,225,201
2,238,228,218
0,205,193,180
0,205,193,180
8,243,178,122
4,238,225,201
0,205,193,180
0,204,191,179
4,238,225,201
8,231,176,130
0,196,183,170
0,198,185,172
0,198,185,173
2,208,196,184
4,238,225,201
16,246,150,100
4,238,225,201
2,238,228,218
0,205,193,180
0,205,193,180
8,243,178,122
4,238,225,201
0,205,193,180
0,204,191,179
4,238,225,201
8,231,176,130
0,196,183,170
0,198,185,172
0,198,185,173
2,208,196,184
4,238,225,201
16,246,150,100
4,238,225,201
2,238,228,218
0,205,193,180
0,205,193,180
8,243,178,122
4,238,225,201
0,205,193,180
0,204,191,179
4,238,225,201
8,231,176,130
0,196,183,170
0,198,185,172
0,198,185,173
2,208,196,184
4,238,225,201
16,246,150,100
4,238,225,201
2,238,228,218
0,205,193,180
0,205,193,180
8,243,178,122
4,238,225,201
0,205,193,180
0,204,191,179
4,238,225,201
8,231,176,130
0,196,183,170
0,198,185,172
0,198,185,173
2,208,196,184
2,238,228,218
0,205,193,180
0,205,193,180
2,238,228,218
0,205,193,180
0,205,193,180
4,238,225,201
4,238,225,201
0,205,193,180
0,204,191,179
8,243,178,122
8,231,176,130
4,225,212,190
16,226,158,120
4,217,203,184
2,208,196,184
2,238,228,218
16,246,150,100
4,238,225,201
2,238,228,218
4,238,225,201
0,205,193,180
8,243,178,122
4,238,225,201
0,205,193,180
0,204,191,179
4,238,225,201
8,231,176,130
0,196,183,170
0,198,185,172
2,217,205,194
2,208,196,184
0,205,193,180
0,205,193,180
4,238,225,201
2,238,228,218
0,205,193,180
0,205,193,180
8,243,178,122
4,238,225,201
2,238,228,218
2,238,228,218
4,238,225,201
8,231,176,130
4,225,212,190
16,226,158,120
2,217,205,194
2,208,196,184
0,205,193,180
0,205,193,180
4,238,225,201
2,238,228,218
0,205,193,180
0,205,193,180
8,243,178,122
4,238,225,201
2,238,228,218
2,238,228,218
4,238,225,201
8,231,176,130
4,225,212,190
16,226,158,120
2,217,205,194
2,208,196,184
